Semester & Year (Course Identifyer),Session,Class Type,Open or Closed,Capacity,Professor
,14972,001,Lecture(3),Open,149 / 250
14972,001,Lecture(3),Open,149 / 250,Arohi Khargonkar
14972,001,Lecture(3),Open,149 / 250,Arohi Khargonkar
14980,002,Lecture(3),Open,151 / 250,Arohi Khargonkar
14973,100,Laboratory(0),Open,61 / 85,Arohi Khargonkar
14974,101,Laboratory(0),Open,72 / 85,Arohi Khargonkar
14975,102,Laboratory(0),Open,67 / 85,Arohi Khargonkar
14976,103,Laboratory(0),Open,66 / 85,Arohi Khargonkar
14977,104,Laboratory(0),Open,34 / 85,Arohi Khargonkar
,,Introduction to Python: ONLY for students who have had *no* programming experience in the past.,16240,001,Lecture(3)
,Introduction to Python: ONLY for students who have had *no* programming experience in the past.,16240,001,Lecture(3),Closed
16240,001,Lecture(3),Closed,89 / 85,Nada Basit
16241,002,Lecture(3),Closed,90 / 85,Nada Basit
,,Note that his class is PHYS1655 (it is cross listed as CS1113).,21033,001,Lecture(3)
,Note that his class is PHYS1655 (it is cross listed as CS1113).,21033,001,Lecture(3),Permission
21033,001,Lecture(3),Permission,44 / 55,Cristina Mantilla Suarez
,15892,001,Lecture(4),Open,258 / 300
15892,001,Lecture(4),Open,258 / 300,Briana Morrison
15892,001,Lecture(4),Open,258 / 300,Briana Morrison
15893,002,Lecture(4),Open,87 / 150,Briana Morrison
15894,101,Laboratory(0),Open,118 / 125,Briana Morrison
15895,102,Laboratory(0),Open,73 / 150,Briana Morrison
15896,103,Laboratory(0),Open,40 / 150,Briana Morrison
15970,104,Laboratory(0),Open,114 / 125,Briana Morrison
,15954,001,Lecture(3),Closed,134 / 135
15954,001,Lecture(3),Closed,134 / 135,David Evans+1
15954,001,Lecture(3),Closed,134 / 135,David Evans+1
20643,003,Lecture(3),Open,128 / 135,David Evans
,15897,001,Lecture(4),Open,151 / 225
15897,001,Lecture(4),Open,151 / 225,Daniel Graham
15897,001,Lecture(4),Open,151 / 225,Daniel Graham
19554,002,Lecture(4),Open,167 / 225,Todd Delong
15898,101,Laboratory(0),Open,30 / 85,Daniel Graham
15899,102,Laboratory(0),Open,72 / 85,Daniel Graham
16058,103,Laboratory(0),Open,80 / 85,Daniel Graham
16059,104,Laboratory(0),Open,33 / 85,Daniel Graham
16060,105,Laboratory(0),Open,81 / 85,Daniel Graham
16061,106,Laboratory(0),Open,22 / 85,Daniel Graham
,,Preparing for Undergraduate Research,,Preparing for Undergraduate Research,21006
,Preparing for Undergraduate Research,,Preparing for Undergraduate Research,21006,001
21006,001,Lecture(1),Permission,70 / 80,Briana Morrison
,15650,001,PRA(1),Permission,59 / 120
15650,001,PRA(1),Permission,59 / 120,Nada Basit+1
15650,001,PRA(1),Permission,59 / 120,Nada Basit+1
,21272,001,IND(1 - 3),Permission,1 / 30
21272,001,IND(1 - 3),Permission,1 / 30,Mark Sherriff
21272,001,IND(1 - 3),Permission,1 / 30,Mark Sherriff
,16062,001,Lecture(3),Open,209 / 289
16062,001,Lecture(3),Open,209 / 289,Aaron Bloomfield
16062,001,Lecture(3),Open,209 / 289,Aaron Bloomfield
16063,002,Lecture(3),Open,140 / 145,Raymond Pettit
,16064,001,Lecture(3),Closed,189 / 190
16064,001,Lecture(3),Closed,189 / 190,Mark Floryan
16064,001,Lecture(3),Closed,189 / 190,Mark Floryan
19555,002,Lecture(3),Open,125 / 140,Wei-Kai Lin
,16065,001,Lecture(4),Open,232 / 240
16065,001,Lecture(4),Open,232 / 240,Charles Reiss
16065,001,Lecture(4),Open,232 / 240,Charles Reiss
19556,002,Lecture(4),Open,141 / 145,Brad Campbell
16066,101,Laboratory(0),Open,74 / 76,Charles Reiss
16067,102,Laboratory(0),Open,87 / 90,Charles Reiss
16068,103,Laboratory(0),Open,152 / 154,Charles Reiss
16069,104,Laboratory(0),Open,60 / 90,Charles Reiss
,16070,001,Lecture(3),Open,138 / 140
16070,001,Lecture(3),Open,138 / 140,Rich Nguyen
16070,001,Lecture(3),Open,138 / 140,Rich Nguyen
19558,002,Lecture(3),Open,271 / 290,Derrick Stone
,15473,001,Lecture(3),Open,98 / 100
15473,001,Lecture(3),Open,98 / 100,Seongkook Heo
15473,001,Lecture(3),Open,98 / 100,Seongkook Heo
,15319,001,Lecture(3),Open,141 / 150
15319,001,Lecture(3),Open,141 / 150,Mark Sherriff
15319,001,Lecture(3),Open,141 / 150,Mark Sherriff
15644,002,Lecture(3),Open,146 / 150,Derrick Stone
14982,101,Laboratory(0),Open,287 / 300,Mark Sherriff
,20539,001,Lecture(3),Open,70 / 75
20539,001,Lecture(3),Open,70 / 75,Wenxi Wang
20539,001,Lecture(3),Open,70 / 75,Wenxi Wang
,,Foundations of Data Analysis,16322,001,Lecture(3)
,Foundations of Data Analysis,16322,001,Lecture(3),Open
16322,001,Lecture(3),Open,57 / 60,Miaomiao Zhang
,15742,001,Lecture(3),Closed,148 / 140
15742,001,Lecture(3),Closed,148 / 140,Angela Orebaugh
15742,001,Lecture(3),Closed,148 / 140,Angela Orebaugh
19559,002,Lecture(3),Closed,152 / 140,Angela Orebaugh
19560,003,Lecture(3),Open,137 / 140,Raymond Pettit
,19561,001,Lecture(3),Open,21 / 75
19561,001,Lecture(3),Open,21 / 75,Ashish Venkat
19561,001,Lecture(3),Open,21 / 75,Ashish Venkat
,,From Boot to DOOM,14983,001,Lecture(3)
,From Boot to DOOM,14983,001,Lecture(3),Open
14983,001,Lecture(3),Open,44 / 55,Felix Lin
,15390,001,Lecture(3),Open,73 / 75
15390,001,Lecture(3),Open,73 / 75,Hyojoon Kim
15390,001,Lecture(3),Open,73 / 75,Hyojoon Kim
,,Analyzing Online Behavior for Public Health,20647,001,Lecture(3)
,Analyzing Online Behavior for Public Health,20647,001,Lecture(3),Open
20647,001,Lecture(3),Open,33 / 40,Henry Kautz
15743,002,Lecture(3),Open,19 / 48,Kun Qian
19563,003,Lecture(3),Open,68 / 72,Zezhou Cheng
19564,004,Lecture(3),Open,40 / 45,Matheus Xavier Ferreira+1
19565,005,Lecture(3),Open,68 / 75,Mark Floryan
16098,006,Lecture(3),Open,18 / 30,Tom Fletcher
19690,007,Lecture(3),Permission,0 / 10,Tariq Iqbal
21001,008,Lecture(3),Open,4 / 30,Yanjun Qi
,19566,001,Lecture(3),Open,53 / 75
19566,001,Lecture(3),Open,53 / 75,Charles Reiss
19566,001,Lecture(3),Open,53 / 75,Charles Reiss
,16253,001,Lecture(3),Open,68 / 90
16253,001,Lecture(3),Open,68 / 90,Robbie Hott
16253,001,Lecture(3),Open,68 / 90,Robbie Hott
,16254,001,Lecture(3),Open,72 / 75
16254,001,Lecture(3),Open,72 / 75,Yangfeng Ji
16254,001,Lecture(3),Open,72 / 75,Yangfeng Ji
16255,002,Lecture(3),Open,66 / 80,Yen-Ling Kuo
,20127,001,Lecture(3),Open,67 / 76
20127,001,Lecture(3),Open,67 / 76,Paul McBurney
20127,001,Lecture(3),Open,67 / 76,Paul McBurney
,16073,001,Lecture(3),Open,74 / 90
16073,001,Lecture(3),Open,74 / 90,Robbie Hott
16073,001,Lecture(3),Open,74 / 90,Robbie Hott
,16257,001,Lecture(3),Open,55 / 85
16257,001,Lecture(3),Open,55 / 85,Haiying Shen
16257,001,Lecture(3),Open,55 / 85,Haiying Shen
,15391,001,Lecture(3),Open,140 / 145
15391,001,Lecture(3),Open,140 / 145,Paul McBurney
15391,001,Lecture(3),Open,140 / 145,Paul McBurney
,15758,001,Lecture(3),Open,42 / 75
15758,001,Lecture(3),Open,42 / 75,Daniel Graham
15758,001,Lecture(3),Open,42 / 75,Daniel Graham
,19567,001,Lecture(3),Open,128 / 135
19567,001,Lecture(3),Open,128 / 135,Rich Nguyen
19567,001,Lecture(3),Open,128 / 135,Rich Nguyen
19568,002,Lecture(3),Open,70 / 75,Chen Chen
,20860,001,Lecture(3),Open,53 / 75
20860,001,Lecture(3),Open,53 / 75,Aaron Bloomfield
20860,001,Lecture(3),Open,53 / 75,Aaron Bloomfield
,15753,001,IND(1 - 3),Permission,0 / 30
15753,001,IND(1 - 3),Permission,0 / 30,Aaron Bloomfield
15753,001,IND(1 - 3),Permission,0 / 30,Aaron Bloomfield
16166,002,IND(1 - 3),Permission,0 / 30,Panagiotis Apostolellis
15726,003,IND(1 - 3),Permission,0 / 30,Matthew Dwyer
15336,004,IND(1 - 3),Permission,0 / 30,David Evans
15337,005,IND(1 - 3),Permission,0 / 30,Mark Floryan
15759,006,IND(1 - 3),Permission,0 / 30,Homa Alemzadeh
16200,007,IND(1 - 3),Permission,0 / 30,Tianhao Wang
15763,008,IND(1 - 3),Permission,0 / 30,Nicola Bezzo
15891,009,IND(1 - 3),Permission,0 / 30,Kevin Sullivan
15535,010,IND(1 - 3),Permission,0 / 30,Madhur Behl
15812,011,IND(1 - 3),Permission,0 / 30,Yangfeng Ji
15338,012,IND(1 - 3),Permission,0 / 30,Mohammad Mahmoody
15567,013,IND(1 - 3),Permission,1 / 30,Haiying Shen
15339,014,IND(1 - 3),Permission,0 / 30,Yanjun Qi
15828,015,IND(1 - 3),Permission,1 / 30,Aidong Zhang
16147,016,IND(1 - 3),Permission,0 / 30,Ashish Venkat
15340,017,IND(1 - 3),Permission,5 / 30,Mark Sherriff
15664,019,IND(1 - 3),Permission,0 / 30,Sebastian Elbaum
15668,020,IND(1 - 3),Permission,0 / 30,Samira Khan
15524,021,IND(1 - 3),Permission,0 / 30,Lu Feng
15783,022,IND(1 - 3),Permission,0 / 30,Brad Campbell
16377,023,IND(1 - 3),Permission,0 / 30,Geoffrey Fox
16144,024,IND(1 - 3),Permission,2 / 30,Felix Lin
16120,025,IND(1 - 3),Permission,0 / 30,Briana Morrison
15451,026,IND(1 - 3),Permission,2 / 30,Nada Basit
15796,027,IND(1 - 3),Permission,0 / 30,Seongkook Heo
15804,028,IND(1 - 3),Permission,0 / 30,Madhav Marathe
15711,029,IND(1 - 3),Permission,4 / 30,Rich Nguyen
15805,030,IND(1 - 3),Permission,2 / 30,Kevin Skadron
16358,031,IND(1 - 3),Permission,0 / 30,Jundong Li
16362,032,IND(1 - 3),Permission,0 / 30,Afsaneh Doryab
20835,033,IND(1 - 3),Permission,1 / 30,Rohan Chandra
21010,034,IND(1 - 3),Permission,1 / 30,Denis Nekipelov
21032,035,IND(1 - 3),Permission,1 / 30,Mathews Jacob
21055,036,IND(1 - 3),Permission,0 / 30,Tom Fletcher+1
21102,037,IND(1 - 3),Permission,1 / 30,Angela Orebaugh
21270,038,IND(1 - 3),Permission,1 / 30,Yen-Ling Kuo
21302,039,IND(1 - 3),Permission,1 / 30,Wajih Ul Hassan
21438,040,IND(1 - 3),Permission,0 / 30,Henry Kautz
21499,041,IND(1 - 3),Permission,1 / 30,Miaomiao Zhang
21625,042,IND(1 - 3),Permission,1 / 30,Ferdinando Fioretto
21774,043,IND(1 - 3),Permission,1 / 30,Kenneth Bilchick+1
21863,044,IND(1 - 3),Permission,2 / 30,Chen Chen
21879,045,IND(1 - 3),Permission,3 / 30,Jack Davidson
21887,046,IND(1 - 3),Permission,0 / 30,Derrick Stone
21925,047,IND(1 - 3),Permission,1 / 30,Yue Cheng
,15900,001,SEM(0),Closed,82 / 60
15900,001,SEM(0),Closed,82 / 60,Rosanne Vrugtman
15900,001,SEM(0),Closed,82 / 60,Rosanne Vrugtman
19569,002,SEM(0),Closed,85 / 60,Rosanne Vrugtman
,15536,001,IND(1 - 3),Permission,3 / 30
15536,001,IND(1 - 3),Permission,3 / 30,Madhur Behl
15536,001,IND(1 - 3),Permission,3 / 30,Madhur Behl
15754,002,IND(1 - 3),Permission,0 / 30,Ashish Venkat
16206,003,IND(1 - 3),Permission,0 / 30,Brad Campbell
15651,004,IND(1 - 3),Permission,0 / 30,Homa Alemzadeh
15766,005,IND(1 - 3),Permission,1 / 30,Nicola Bezzo
16497,006,IND(1 - 3),Permission,0 / 30,Ferdinando Fioretto
16205,007,IND(1 - 3),Permission,2 / 30,Geoffrey Fox
15991,008,IND(1 - 3),Permission,0 / 30,Tariq Iqbal
16013,009,IND(1 - 3),Permission,0 / 30,Anil Vullikanti
15253,010,IND(1 - 3),Permission,1 / 10,Mark Sherriff
16517,011,IND(1 - 3),Permission,0 / 30,Yue Cheng
16204,012,IND(1 - 3),Permission,0 / 30,Tianhao Wang
16030,013,IND(1 - 3),Permission,1 / 30,Afsaneh Doryab
15678,014,IND(1 - 3),Permission,0 / 30,Robbie Hott
16519,015,IND(1 - 3),Permission,1 / 30,Wajih Ul Hassan
15792,016,IND(1 - 3),Permission,0 / 30,Jack Davidson
15797,017,IND(1 - 3),Permission,0 / 30,Seongkook Heo
15813,018,IND(1 - 3),Permission,0 / 30,Daniel Graham
15823,019,IND(1 - 3),Permission,0 / 30,Haiying Shen
15824,020,IND(1 - 3),Permission,1 / 30,Kevin Skadron
15344,021,IND(1 - 3),Permission,6 / 10,Nada Basit
15345,022,IND(1 - 3),Permission,0 / 30,Yanjun Qi
15694,023,IND(1 - 3),Permission,0 / 30,Panagiotis Apostolellis
15707,024,IND(1 - 3),Permission,2 / 30,Yangfeng Ji
15346,025,IND(1 - 3),Permission,0 / 30,David Evans
16207,026,IND(1 - 3),Permission,1 / 30,Felix Lin
16182,027,IND(1 - 3),Permission,1 / 30,Angela Orebaugh
16036,028,IND(1 - 3),Permission,0 / 30,Mircea Stan
16191,029,IND(1 - 3),Permission,0 / 30,Aidong Zhang
15856,030,IND(1 - 3),Permission,0 / 30,Madhav Marathe
15882,031,IND(1 - 3),Permission,2 / 30,Rich Nguyen
15616,032,IND(1 - 3),Permission,0 / 30,Farzad Hassanzadeh
15886,033,IND(1 - 3),Permission,0 / 30,Mark Floryan
16015,034,IND(1 - 3),Permission,0 / 30,Yixin Sun
16051,035,IND(1 - 3),Permission,0 / 30,Tom Horton
16495,036,IND(1 - 3),Permission,0 / 30,Charles Reiss
15525,037,IND(1 - 3),Permission,0 / 30,Lu Feng
16026,038,IND(1 - 3),Permission,0 / 30,Jundong Li
16103,039,IND(1 - 3),Permission,0 / 30,Kevin Sullivan
16121,040,IND(1 - 3),Permission,0 / 30,Briana Morrison
16150,041,IND(1 - 3),Permission,0 / 30,Raymond Pettit
16348,042,IND(1 - 3),Permission,0 / 30,Hyojoon Kim
16359,043,IND(1 - 3),Permission,0 / 30,Adwait Jog
16360,044,IND(1 - 3),Permission,2 / 30,Miaomiao Zhang
16400,045,IND(1 - 3),Permission,1 / 30,Judy Fox
16413,046,IND(1 - 3),Permission,4 / 30,Yen-Ling Kuo
16481,047,IND(1 - 3),Permission,1 / 30,Shangtong Zhang
20836,048,IND(1 - 3),Permission,1 / 30,Rohan Chandra
21018,049,IND(1 - 3),Permission,1 / 30,Aaron Bloomfield
21059,050,IND(1 - 3),Permission,0 / 30,Sandhya Dwarkadas
21117,051,IND(1 - 3),Permission,1 / 30,Chen-Yu Wei
21240,052,IND(1 - 3),Permission,1 / 30,Chen Chen
21335,053,IND(1 - 3),Permission,1 / 30,Henry Kautz
21791,054,IND(1 - 3),Permission,2 / 30,Caroline Crockett
21829,055,IND(1 - 3),Permission,1 / 30,Yu Meng
21864,056,IND(1 - 3),Permission,1 / 30,Hadi Daneshmand
21886,057,IND(1 - 3),Permission,1 / 30,Derrick Stone
,15755,001,IND(3),Permission,1 / 30
15755,001,IND(3),Permission,1 / 30,Ashish Venkat
15755,001,IND(3),Permission,1 / 30,Ashish Venkat
16489,002,IND(3),Permission,1 / 30,Brad Campbell
15648,003,IND(3),Permission,0 / 30,Yanjun Qi
15719,004,IND(3),Permission,2 / 30,Mark Sherriff
15760,005,IND(3),Permission,0 / 30,Homa Alemzadeh
15768,006,IND(3),Permission,0 / 30,Nicola Bezzo
16043,007,IND(3),Permission,0 / 30,Tariq Iqbal
15988,008,IND(3),Permission,3 / 30,Rich Nguyen
16339,009,IND(3),Permission,0 / 30,Chen-Yu Wei
15825,010,IND(3),Permission,0 / 30,Kevin Skadron
15857,011,IND(3),Permission,1 / 30,David Evans
16466,012,IND(3),Permission,2 / 30,Shangtong Zhang
15969,013,IND(3),Permission,0 / 30,Seongkook Heo
21046,014,IND(3),Permission,1 / 30,Briana Morrison
21082,015,IND(3),Permission,1 / 30,Anil Vullikanti
21430,016,IND(3),Permission,1 / 30,Rohan Chandra
21580,017,IND(3),Permission,1 / 30,Wei-Kai Lin
21650,018,IND(3),Permission,1 / 30,Ferdinando Fioretto
21737,019,IND(3),Permission,0 / 30,Aidong Zhang
21753,020,IND(3),Permission,1 / 30,Tom Fletcher
21862,021,IND(3),Permission,1 / 30,Zezhou Cheng
,16258,001,Lecture(3),Open,36 / 38
16258,001,Lecture(3),Open,36 / 38,Shangtong Zhang
16258,001,Lecture(3),Open,36 / 38,Shangtong Zhang
,19570,001,Lecture(3),Open,15 / 20
19570,001,Lecture(3),Open,15 / 20,Felix Lin
19570,001,Lecture(3),Open,15 / 20,Felix Lin
,16082,001,Lecture(3),Permission,0 / 15
16082,001,Lecture(3),Permission,0 / 15,Tariq Iqbal
16082,001,Lecture(3),Permission,0 / 15,Tariq Iqbal
,,Software Logic,15445,001,Lecture(3)
,Software Logic,15445,001,Lecture(3),Open
15445,001,Lecture(3),Open,31 / 38,Kevin Sullivan
15901,002,Lecture(3),Open,61 / 65,Yixin Sun
16259,003,Lecture(3),Open,28 / 38,Chen-Yu Wei
16074,004,Lecture(3),Open,13 / 30,Kevin Skadron
16261,005,Lecture(3),Open,32 / 35,Ferdinando Fioretto
19571,006,Lecture(3),Open,32 / 35,Tianhao Wang+1
19572,007,Lecture(3),Open,28 / 40,Henry Kautz
19573,008,Lecture(3),Open,18 / 38,Wajih Ul Hassan
19574,009,Lecture(3),Open,39 / 45,Hadi Daneshmand
19575,010,Lecture(3),Open,13 / 38,Rohan Chandra
16263,011,Lecture(3),Open,12 / 35,Adwait Jog
16264,012,Lecture(3),Open,20 / 38,Madhur Behl
16114,013,Lecture(3),Open,8 / 12,Homa Alemzadeh
16099,014,Lecture(3),Open,8 / 20,Tom Fletcher
16260,015,Lecture(3),Open,28 / 70,Yu Meng
19606,016,Lecture(3),Open,12 / 18,Jundong Li
21062,017,Lecture(3),Open,19 / 30,Yanjun Qi
,15962,001,Lecture(3),Open,45 / 46
15962,001,Lecture(3),Open,45 / 46,Lu Feng
15962,001,Lecture(3),Open,45 / 46,Lu Feng
,15949,001,Lecture(3),Open,27 / 35
15949,001,Lecture(3),Open,27 / 35,Matthew Dwyer
15949,001,Lecture(3),Open,27 / 35,Matthew Dwyer
,16159,001,IND(1),Permission,0 / 30
16159,001,IND(1),Permission,0 / 30,Yangfeng Ji
16159,001,IND(1),Permission,0 / 30,Yangfeng Ji
15977,002,IND(1),Permission,0 / 30,Felix Lin
15997,003,IND(1),Permission,0 / 30,David Evans
16018,004,IND(1),Permission,0 / 30,Brad Campbell
16349,005,IND(1),Permission,0 / 30,Hyojoon Kim
16375,006,IND(1),Permission,0 / 30,Seongkook Heo
16468,007,IND(1),Permission,0 / 30,Yanjun Qi
16492,008,IND(1),Permission,0 / 30,Farzad Hassanzadeh
16510,009,IND(1),Permission,0 / 30,Kun Qian
,15430,001,IND(1 - 12),Permission,0 / 10
15430,001,IND(1 - 12),Permission,0 / 10,Nada Basit
15430,001,IND(1 - 12),Permission,0 / 10,Nada Basit
15454,002,IND(1 - 12),Permission,0 / 10,Mohammad Mahmoody
16201,003,IND(1 - 12),Permission,0 / 10,Lu Feng
15869,004,IND(1 - 12),Permission,1 / 10,Aidong Zhang
16189,005,IND(1 - 12),Permission,0 / 10,Panagiotis Apostolellis
16428,006,IND(1 - 12),Permission,0 / 30,Mark Floryan
16500,007,IND(1 - 12),Permission,0 / 30,Rich Nguyen
16509,008,IND(1 - 12),Permission,0 / 30,Chang Lou
16511,009,IND(1 - 12),Permission,0 / 30,Kun Qian
16518,010,IND(1 - 12),Permission,0 / 30,Yue Cheng
21271,011,IND(1 - 12),Permission,2 / 30,Yen-Ling Kuo
21336,012,IND(1 - 12),Permission,0 / 30,Henry Kautz
21460,013,IND(1 - 12),Permission,2 / 30,Kevin Skadron
21695,014,IND(1 - 12),Permission,3 / 30,Anil Vullikanti
21786,015,IND(1 - 12),Permission,1 / 30,Matheus Xavier Ferreira
,15881,001,IND(1 - 12),Permission,1 / 30
15881,001,IND(1 - 12),Permission,1 / 30,Jundong Li
15881,001,IND(1 - 12),Permission,1 / 30,Jundong Li
16198,002,IND(1 - 12),Permission,0 / 30,Geoffrey Fox
15342,003,IND(1 - 12),Permission,0 / 5,Yanjun Qi
15720,004,IND(1 - 12),Permission,0 / 30,Mohammad Mahmoody
16415,005,IND(1 - 12),Permission,2 / 30,Yen-Ling Kuo
15708,006,IND(1 - 12),Permission,0 / 30,Yangfeng Ji
15458,007,IND(1 - 12),Permission,0 / 30,Samira Khan
15876,008,IND(1 - 12),Permission,1 / 30,Brad Campbell
15883,009,IND(1 - 12),Permission,0 / 30,Haiying Shen
15878,010,IND(1 - 12),Permission,0 / 30,Madhav Marathe
16023,011,IND(1 - 12),Permission,0 / 30,Felix Lin
16024,012,IND(1 - 12),Permission,1 / 30,Afsaneh Doryab
15534,013,IND(1 - 12),Permission,0 / 30,Lu Feng
15537,014,IND(1 - 12),Permission,0 / 30,Madhur Behl
16427,015,IND(1 - 12),Permission,0 / 30,Matthew Dwyer
16123,016,IND(1 - 12),Permission,2 / 30,Miaomiao Zhang
15756,017,IND(1 - 12),Permission,1 / 30,Ashish Venkat
15761,018,IND(1 - 12),Permission,2 / 30,Homa Alemzadeh
15771,019,IND(1 - 12),Permission,0 / 30,Nicola Bezzo
16461,020,IND(1 - 12),Permission,3 / 30,Shangtong Zhang
15874,021,IND(1 - 12),Permission,0 / 30,Anil Vullikanti
15798,022,IND(1 - 12),Permission,1 / 30,Seongkook Heo
15826,023,IND(1 - 12),Permission,0 / 30,Kevin Skadron
16475,024,IND(1 - 12),Permission,2 / 30,Ferdinando Fioretto
16512,025,IND(1 - 12),Permission,0 / 30,Kun Qian
16049,026,IND(1 - 12),Permission,0 / 30,Tianhao Wang
15868,027,IND(1 - 12),Permission,1 / 30,Aidong Zhang
16350,028,IND(1 - 12),Permission,1 / 30,Hyojoon Kim
16414,029,IND(1 - 12),Permission,0 / 30,Chang Lou
21337,030,IND(1 - 12),Permission,2 / 30,Henry Kautz
21785,031,IND(1 - 12),Permission,1 / 30,Zezhou Cheng
21890,032,IND(1 - 12),Permission,1 / 30,Yixin Sun
21943,033,IND(1 - 12),Permission,3 / 30,Hadi Daneshmand
,15697,001,IND(3),Permission,0 / 30
15697,001,IND(3),Permission,0 / 30,Sebastian Elbaum
15697,001,IND(3),Permission,0 / 30,Sebastian Elbaum
15701,002,IND(3),Permission,0 / 30,Rich Nguyen
15705,003,IND(3),Permission,0 / 30,Nada Basit
15709,004,IND(3),Permission,0 / 30,Madhur Behl
15721,005,IND(3),Permission,0 / 30,Mohammad Mahmoody
16122,006,IND(3),Permission,0 / 30,Upsorn Praphamontripong
15727,007,IND(3),Permission,1 / 30,Yangfeng Ji
16027,008,IND(3),Permission,0 / 30,Ashish Venkat
15827,009,IND(3),Permission,0 / 30,Kevin Skadron
15762,010,IND(3),Permission,0 / 30,Homa Alemzadeh
15773,011,IND(3),Permission,0 / 30,Nicola Bezzo
15851,012,IND(3),Permission,0 / 30,Haifeng Xu
15774,013,IND(3),Permission,0 / 30,Jonathan Goodall
15775,014,IND(3),Permission,0 / 30,Kristen Naegle
15799,015,IND(3),Permission,0 / 30,Seongkook Heo
15879,016,IND(3),Permission,0 / 30,Madhav Marathe
16347,017,IND(3),Permission,0 / 30,Raymond Pettit
16351,018,IND(3),Permission,0 / 30,Hyojoon Kim
16376,019,IND(3),Permission,0 / 30,Matthew Dwyer
21338,020,IND(3),Permission,0 / 30,Henry Kautz
21778,021,IND(3),Permission,0 / 30,Shangtong Zhang
21795,022,IND(3),Permission,0 / 30,Yu Meng
21944,023,IND(3),Permission,0 / 30,Hadi Daneshmand
,14984,001,IND(1 - 6),Permission,0 / 20
14984,001,IND(1 - 6),Permission,0 / 20,Jack Davidson
14984,001,IND(1 - 6),Permission,0 / 20,Jack Davidson
15061,002,IND(1 - 6),Permission,2 / 30,David Evans
15360,003,IND(1 - 6),Permission,0 / 10,Mohammad Mahmoody
15526,004,IND(1 - 6),Permission,2 / 30,Lu Feng
16175,005,IND(1 - 6),Permission,0 / 30,Tariq Iqbal
15062,006,IND(1 - 6),Permission,1 / 30,Kevin Skadron
16163,007,IND(1 - 6),Permission,2 / 30,Tianhao Wang
16157,008,IND(1 - 6),Permission,0 / 30,Miaomiao Zhang
15538,009,IND(1 - 6),Permission,1 / 30,Madhur Behl
15281,010,IND(1 - 6),Permission,0 / 30,Tom Horton
16149,011,IND(1 - 6),Permission,0 / 30,Sebastian Elbaum
15282,012,IND(1 - 6),Permission,0 / 30,Mark Sherriff
15283,013,IND(1 - 6),Permission,0 / 30,Aaron Bloomfield
16184,014,IND(1 - 6),Permission,2 / 30,Haiying Shen
15361,015,IND(1 - 6),Permission,1 / 10,Yanjun Qi
16473,016,IND(1 - 6),Permission,0 / 30,Raymond Pettit
15539,017,IND(1 - 6),Permission,0 / 30,Brad Campbell
16140,018,IND(1 - 6),Permission,0 / 30,Matthew Dwyer
15690,019,IND(1 - 6),Permission,0 / 30,Aidong Zhang
15370,020,IND(1 - 6),Permission,0 / 5,Nada Basit
16465,021,IND(1 - 6),Permission,0 / 30,Tom Fletcher
15372,022,IND(1 - 6),Permission,0 / 5,Mark Floryan
15699,023,IND(1 - 6),Permission,0 / 30,Rich Nguyen
16180,024,IND(1 - 6),Permission,1 / 30,Wajih Ul Hassan
16038,025,IND(1 - 6),Permission,2 / 30,Yangfeng Ji
15459,026,IND(1 - 6),Permission,0 / 30,Samira Khan
15714,027,IND(1 - 6),Permission,0 / 30,Robbie Hott
15474,028,IND(1 - 6),Permission,0 / 30,Charles Reiss
16515,029,IND(1 - 6),Permission,0 / 30,Kun Qian
16028,030,IND(1 - 6),Permission,1 / 30,Yixin Sun
15975,031,IND(1 - 6),Permission,3 / 30,Felix Lin
15840,032,IND(1 - 6),Permission,1 / 30,Ashish Venkat
15842,033,IND(1 - 6),Permission,1 / 30,Seongkook Heo
16352,034,IND(1 - 6),Permission,3 / 30,Hyojoon Kim
16364,035,IND(1 - 6),Permission,1 / 30,Yu Meng
16373,036,IND(1 - 6),Permission,0 / 30,Yue Cheng
16416,037,IND(1 - 6),Permission,1 / 30,Wei-Kai Lin
16417,038,IND(1 - 6),Permission,0 / 30,Chang Lou
16438,039,IND(1 - 6),Permission,0 / 30,Shangtong Zhang
21159,040,IND(1 - 6),Permission,1 / 30,Henry Kautz
21447,041,IND(1 - 6),Permission,1 / 30,Rohan Chandra
21514,042,IND(1 - 6),Permission,2 / 30,Zezhou Cheng
21590,043,IND(1 - 6),Permission,1 / 30,Jundong Li
21636,044,IND(1 - 6),Permission,1 / 30,Chen-Yu Wei
21643,045,IND(1 - 6),Permission,1 / 30,Ferdinando Fioretto
21645,046,IND(1 - 6),Permission,0 / 30,Hadi Daneshmand
21687,047,IND(1 - 6),Permission,0 / 30,Wenxi Wang
21692,048,IND(1 - 6),Permission,2 / 30,Chen Chen
21699,049,IND(1 - 6),Permission,1 / 30,Matheus Xavier Ferreira
21727,050,IND(1 - 6),Permission,1 / 30,Adwait Jog
21822,051,IND(1 - 6),Permission,1 / 30,Daniel Graham
,16155,001,IND(1 - 12),Permission,4 / 30
16155,001,IND(1 - 12),Permission,4 / 30,Yue Cheng
16155,001,IND(1 - 12),Permission,4 / 30,Yue Cheng
15063,002,IND(1 - 12),Permission,1 / 30,Jack Davidson
15065,003,IND(1 - 12),Permission,0 / 30,Tom Horton
15064,004,IND(1 - 12),Permission,2 / 30,David Evans
15067,005,IND(1 - 12),Permission,1 / 30,Kevin Skadron
16131,006,IND(1 - 12),Permission,2 / 30,Tariq Iqbal
16014,007,IND(1 - 12),Permission,0 / 30,Yixin Sun
16021,008,IND(1 - 12),Permission,6 / 30,Geoffrey Fox
16047,009,IND(1 - 12),Permission,0 / 30,Rich Nguyen
16033,010,IND(1 - 12),Permission,1 / 30,Miaomiao Zhang
16006,011,IND(1 - 12),Permission,2 / 30,Afsaneh Doryab
15540,012,IND(1 - 12),Permission,0 / 30,Madhur Behl
15460,013,IND(1 - 12),Permission,0 / 30,Samira Khan
16388,014,IND(1 - 12),Permission,5 / 30,Ferdinando Fioretto
15362,015,IND(1 - 12),Permission,0 / 30,Mohammad Mahmoody
15716,016,IND(1 - 12),Permission,3 / 30,Yangfeng Ji
15802,017,IND(1 - 12),Permission,2 / 30,Matthew Dwyer
15819,018,IND(1 - 12),Permission,1 / 30,Jundong Li
15706,019,IND(1 - 12),Permission,0 / 30,Sebastian Elbaum
15973,020,IND(1 - 12),Permission,3 / 30,Felix Lin
15683,021,IND(1 - 12),Permission,5 / 30,Anil Vullikanti
15068,022,IND(1 - 12),Permission,1 / 30,Kevin Sullivan
15776,023,IND(1 - 12),Permission,0 / 30,Nicola Bezzo
15541,024,IND(1 - 12),Permission,0 / 30,Brad Campbell
15350,025,IND(1 - 12),Permission,0 / 30,Yanjun Qi
16162,026,IND(1 - 12),Permission,5 / 30,Wajih Ul Hassan
15800,027,IND(1 - 12),Permission,1 / 30,Seongkook Heo
15527,028,IND(1 - 12),Permission,2 / 30,Lu Feng
15691,029,IND(1 - 12),Permission,6 / 30,Aidong Zhang
16195,030,IND(1 - 12),Permission,2 / 30,Shangtong Zhang
16389,031,IND(1 - 12),Permission,1 / 30,Chen-Yu Wei
15573,032,IND(1 - 12),Permission,0 / 30,Homa Alemzadeh
15618,033,IND(1 - 12),Permission,1 / 30,Farzad Hassanzadeh
15757,034,IND(1 - 12),Permission,1 / 30,Ashish Venkat
16424,035,IND(1 - 12),Permission,2 / 30,Yu Meng
15873,036,IND(1 - 12),Permission,2 / 30,Haiying Shen
16513,037,IND(1 - 12),Permission,2 / 30,Kun Qian
15684,038,IND(1 - 12),Permission,4 / 30,Madhav Marathe
15880,039,IND(1 - 12),Permission,0 / 30,Tom Fletcher
16353,040,IND(1 - 12),Permission,2 / 30,Hyojoon Kim
16381,041,IND(1 - 12),Permission,3 / 30,Adwait Jog
16382,042,IND(1 - 12),Permission,0 / 30,Judy Fox
16383,043,IND(1 - 12),Permission,2 / 30,Sandhya Dwarkadas
16384,044,IND(1 - 12),Permission,3 / 30,Tianhao Wang
16385,045,IND(1 - 12),Permission,5 / 30,Yen-Ling Kuo
16386,046,IND(1 - 12),Permission,3 / 30,Wei-Kai Lin
16387,047,IND(1 - 12),Permission,3 / 30,Chang Lou
20837,048,IND(1 - 12),Permission,1 / 30,Rohan Chandra
21339,049,IND(1 - 12),Permission,1 / 30,Henry Kautz
21486,050,IND(1 - 12),Permission,1 / 30,Wenxi Wang
21618,051,IND(1 - 12),Permission,2 / 30,Chen Chen
21635,052,IND(1 - 12),Permission,2 / 30,Hadi Daneshmand
21655,053,IND(1 - 12),Permission,6 / 30,Zezhou Cheng
21701,054,IND(1 - 12),Permission,1 / 30,Matheus Xavier Ferreira
21709,055,IND(1 - 12),Permission,1 / 30,Jing Yang
,16165,001,IND(1 - 6),Permission,1 / 30
16165,001,IND(1 - 6),Permission,1 / 30,Seongkook Heo
16165,001,IND(1 - 6),Permission,1 / 30,Seongkook Heo
15234,002,IND(1 - 6),Permission,0 / 30,Aaron Bloomfield
16365,003,IND(1 - 6),Permission,0 / 30,Yu Meng
15476,004,IND(1 - 6),Permission,2 / 30,Charles Reiss
15235,005,IND(1 - 6),Permission,0 / 30,Jack Davidson
15236,006,IND(1 - 6),Permission,0 / 30,David Evans
16370,007,IND(1 - 6),Permission,2 / 30,Yen-Ling Kuo
16411,008,IND(1 - 6),Permission,0 / 30,Chen-Yu Wei
16418,009,IND(1 - 6),Permission,0 / 30,Yue Cheng
16439,010,IND(1 - 6),Permission,1 / 30,Shangtong Zhang
15373,011,IND(1 - 6),Permission,0 / 30,Mark Floryan
15239,012,IND(1 - 6),Permission,0 / 30,Tom Horton
16486,013,IND(1 - 6),Permission,0 / 30,Adwait Jog
15363,014,IND(1 - 6),Permission,0 / 30,Mohammad Mahmoody
15542,015,IND(1 - 6),Permission,0 / 30,Madhur Behl
15469,016,IND(1 - 6),Permission,0 / 30,Nada Basit
15528,017,IND(1 - 6),Permission,0 / 30,Lu Feng
15976,018,IND(1 - 6),Permission,0 / 30,Felix Lin
15240,019,IND(1 - 6),Permission,0 / 30,Mark Sherriff
15241,020,IND(1 - 6),Permission,0 / 30,Kevin Skadron
16354,021,IND(1 - 6),Permission,0 / 30,Hyojoon Kim
15364,022,IND(1 - 6),Permission,0 / 30,Yanjun Qi
15844,023,IND(1 - 6),Permission,2 / 30,Yangfeng Ji
15242,024,IND(1 - 6),Permission,1 / 30,Kevin Sullivan
16190,025,IND(1 - 6),Permission,2 / 30,Miaomiao Zhang
15543,026,IND(1 - 6),Permission,0 / 30,Brad Campbell
15841,027,IND(1 - 6),Permission,0 / 30,Ashish Venkat
15692,028,IND(1 - 6),Permission,0 / 30,Aidong Zhang
16516,029,IND(1 - 6),Permission,0 / 30,Kun Qian
15461,030,IND(1 - 6),Permission,0 / 30,Samira Khan
15715,031,IND(1 - 6),Permission,0 / 30,Robbie Hott
15733,032,IND(1 - 6),Permission,1 / 30,Daniel Graham
16041,033,IND(1 - 6),Permission,0 / 30,Tianhao Wang
16048,034,IND(1 - 6),Permission,0 / 30,Tom Fletcher
21160,035,IND(1 - 6),Permission,1 / 30,Henry Kautz
21515,036,IND(1 - 6),Permission,0 / 30,Zezhou Cheng
21646,037,IND(1 - 6),Permission,1 / 30,Hadi Daneshmand
21654,038,IND(1 - 6),Permission,1 / 30,Briana Morrison
21688,039,IND(1 - 6),Permission,0 / 30,Wenxi Wang
21690,040,IND(1 - 6),Permission,0 / 30,Rohan Chandra
21693,041,IND(1 - 6),Permission,1 / 30,Chen Chen
21700,042,IND(1 - 6),Permission,0 / 30,Matheus Xavier Ferreira
21726,043,IND(1 - 6),Permission,1 / 30,Yixin Sun
,15069,001,IND(1 - 12),Permission,0 / 30
15069,001,IND(1 - 12),Permission,0 / 30,Jack Davidson
15069,001,IND(1 - 12),Permission,0 / 30,Jack Davidson
16209,002,IND(1 - 12),Permission,2 / 30,Geoffrey Fox
16156,003,IND(1 - 12),Permission,2 / 30,Shangtong Zhang
15729,004,IND(1 - 12),Permission,4 / 30,Ashish Venkat
16425,005,IND(1 - 12),Permission,1 / 30,Yu Meng
15696,006,IND(1 - 12),Permission,3 / 30,Sebastian Elbaum
15695,007,IND(1 - 12),Permission,3 / 30,Matthew Dwyer
15070,008,IND(1 - 12),Permission,2 / 30,David Evans
16499,009,IND(1 - 12),Permission,0 / 30,Homa Alemzadeh
15992,010,IND(1 - 12),Permission,3 / 30,Seongkook Heo
16017,011,IND(1 - 12),Permission,3 / 30,Yixin Sun
15365,012,IND(1 - 12),Permission,0 / 30,Mohammad Mahmoody
15845,013,IND(1 - 12),Permission,3 / 30,Yangfeng Ji
15544,014,IND(1 - 12),Permission,4 / 30,Madhur Behl
16514,015,IND(1 - 12),Permission,0 / 30,Kun Qian
15366,016,IND(1 - 12),Permission,0 / 30,Yanjun Qi
15693,017,IND(1 - 12),Permission,4 / 30,Aidong Zhang
15974,018,IND(1 - 12),Permission,0 / 30,Felix Lin
15073,019,IND(1 - 12),Permission,8 / 30,Kevin Skadron
15686,020,IND(1 - 12),Permission,7 / 30,Madhav Marathe
15685,021,IND(1 - 12),Permission,1 / 30,Anil Vullikanti
15074,022,IND(1 - 12),Permission,0 / 30,Kevin Sullivan
15617,023,IND(1 - 12),Permission,1 / 30,Farzad Hassanzadeh
15820,024,IND(1 - 12),Permission,1 / 30,Jundong Li
15462,025,IND(1 - 12),Permission,1 / 30,Samira Khan
16179,026,IND(1 - 12),Permission,1 / 30,Tom Fletcher
15521,027,IND(1 - 12),Permission,7 / 30,Haiying Shen
15529,028,IND(1 - 12),Permission,2 / 30,Lu Feng
15545,029,IND(1 - 12),Permission,4 / 30,Brad Campbell
16192,030,IND(1 - 12),Permission,1 / 30,Miaomiao Zhang
16355,031,IND(1 - 12),Permission,0 / 30,Hyojoon Kim
16363,032,IND(1 - 12),Permission,2 / 30,Yue Cheng
16390,033,IND(1 - 12),Permission,1 / 30,Adwait Jog
16391,034,IND(1 - 12),Permission,1 / 30,Judy Fox
16392,035,IND(1 - 12),Permission,0 / 30,Sandhya Dwarkadas
16393,036,IND(1 - 12),Permission,1 / 30,Tianhao Wang
16394,037,IND(1 - 12),Permission,1 / 30,Yen-Ling Kuo
16395,038,IND(1 - 12),Permission,0 / 30,Wei-Kai Lin
16396,039,IND(1 - 12),Permission,0 / 30,Chang Lou
16397,040,IND(1 - 12),Permission,2 / 30,Ferdinando Fioretto
16398,041,IND(1 - 12),Permission,0 / 30,Chen-Yu Wei
21340,042,IND(1 - 12),Permission,0 / 30,Henry Kautz
21619,043,IND(1 - 12),Permission,0 / 30,Chen Chen
21644,044,IND(1 - 12),Permission,1 / 30,Afsaneh Doryab
21685,045,IND(1 - 12),Permission,0 / 30,Zezhou Cheng
21689,046,IND(1 - 12),Permission,0 / 30,Wenxi Wang
21691,047,IND(1 - 12),Permission,0 / 30,Rohan Chandra
21694,048,IND(1 - 12),Permission,0 / 30,Hadi Daneshmand
21702,049,IND(1 - 12),Permission,0 / 30,Matheus Xavier Ferreira
21710,050,IND(1 - 12),Permission,1 / 30,Jing Yang
